{"http:BkxNm5rrA6FUO-B0UkYzmReLGUnz2Ysm7WULau5r:lmx110522": {"upHosts": ["http://up-z1.qiniu.com", "http://upload-z1.qiniu.com", "-H up-z1.qiniu.com http://106.38.227.28"], "ioHosts": ["http://iovip-z1.qbox.me"], "deadline": 1540127378}, "http:BkxNm5rrA6FUO-B0UkYzmReLGUnz2Ysm7WULau5r:download": {"upHosts": ["http://up-z2.qiniu.com", "http://upload-z2.qiniu.com", "-H up-z2.qiniu.com http://14.152.58.16"], "ioHosts": ["http://iovip-z2.qbox.me"], "deadline": 1582706539}, "http:Vty1Zc4O1z4DGneVvImb8TCpHxG0e3JhkOxidLg6:download": {"upHosts": ["http://up-z2.qiniu.com", "http://upload-z2.qiniu.com", "-H up-z2.qiniu.com http://14.152.58.16"], "ioHosts": ["http://iovip-z2.qbox.me"], "deadline": 1589283602}, "http:ide6VHbbAPrq-w2wtxNtLK1EpH5KZxtESzXAYVW3:sylphoto": {"upHosts": ["http://up-z2.qiniu.com", "http://upload-z2.qiniu.com", "-H up-z2.qiniu.com http://14.152.58.16"], "ioHosts": ["http://iovip-z2.qbox.me"], "deadline": 1592917520}, "http:1g3HsF5FWlYeOmXHH6vd11SXcup0LlSUOM8QPFeD:sylphoto": {"upHosts": ["http://up-z2.qiniu.com", "http://upload-z2.qiniu.com", "-H up-z2.qiniu.com http://14.152.58.16"], "ioHosts": ["http://iovip-z2.qbox.me"], "deadline": 1592921443}}